rank	lemma	pos	count	pct	cum_pct
686	почти	ADVB	1877	0.0144	70.0221
687	поговорить	INFN	1875	0.0144	70.0365
688	устать	VERB	1872	0.0144	70.0508
689	придумать	VERB	1870	0.0144	70.0652
690	начало	NOUN	1868	0.0143	70.0795
691	девчонка	NOUN	1858	0.0143	70.0938
692	снять	VERB	1853	0.0142	70.1080
693	чёрт	NOUN	1848	0.0142	70.1222
694	врач	NOUN	1847	0.0142	70.1364
695	театр	NOUN	1843	0.0141	70.1505
696	радость	NOUN	1838	0.0141	70.1647
697	знакомый	ADJF	1837	0.0141	70.1788
698	надоесть	VERB	1836	0.0141	70.1929
699	ух	INTJ	1831	0.0141	70.2069
700	шаг	NOUN	1831	0.0141	70.2210
701	надежда	NOUN	1829	0.0140	70.2350
702	больно	ADVB	1829	0.0140	70.2490
703	двадцать	NUMR	1828	0.0140	70.2631
704	святой	ADJF	1828	0.0140	70.2771
705	невеста	NOUN	1822	0.0140	70.2911
706	договориться	VERB	1815	0.0139	70.3050
707	стыдно	ADVB	1812	0.0139	70.3189
708	володя	NOUN	1811	0.0139	70.3329
709	находиться	VERB	1808	0.0139	70.3467
710	память	NOUN	1804	0.0138	70.3606
711	сэр	NOUN	1804	0.0138	70.3744
712	спасти	VERB	1801	0.0138	70.3883
713	оба	NUMR	1797	0.0138	70.4021
714	кончиться	VERB	1795	0.0138	70.4158
715	принимать	VERB	1787	0.0137	70.4296
716	братец	NOUN	1782	0.0137	70.4432
717	счастливый	ADJF	1780	0.0137	70.4569
718	маша	NOUN	1777	0.0136	70.4705
719	команда	NOUN	1777	0.0136	70.4842
720	двор	NOUN	1774	0.0136	70.4978
721	подойти	VERB	1769	0.0136	70.5114
722	институт	NOUN	1761	0.0135	70.5249
723	отношение	NOUN	1756	0.0135	70.5384
724	ключ	NOUN	1755	0.0135	70.5519
725	река	NOUN	1754	0.0135	70.5653
726	следовать	VERB	1750	0.0134	70.5788
727	дать	INFN	1750	0.0134	70.5922
728	замуж	ADVB	1745	0.0134	70.6056
729	золото	NOUN	1745	0.0134	70.6190
730	вечером	ADVB	1744	0.0134	70.6324
731	минуточка	NOUN	1744	0.0134	70.6458
732	служба	NOUN	1737	0.0133	70.6591
733	наука	NOUN	1735	0.0133	70.6724
734	любимый	ADJF	1733	0.0133	70.6857
735	смысл	NOUN	1731	0.0133	70.6990
736	военный	ADJF	1731	0.0133	70.7123
737	нос	NOUN	1726	0.0133	70.7255
738	район	NOUN	1724	0.0132	70.7388
739	жениться	VERB	1719	0.0132	70.7520
740	положение	NOUN	1714	0.0132	70.7651
741	серьёзно	ADVB	1708	0.0131	70.7782
742	долг	NOUN	1707	0.0131	70.7914
743	н	NOUN	1702	0.0131	70.8044
744	думать	INFN	1697	0.0130	70.8174
745	иногда	ADVB	1697	0.0130	70.8305
746	го	NOUN	1693	0.0130	70.8435
747	золотой	ADJF	1690	0.0130	70.8564
748	наслать	VERB	1680	0.0129	70.8693
749	позвонить	VERB	1678	0.0129	70.8822
750	страшный	ADJF	1674	0.0129	70.8951
751	ответить	VERB	1673	0.0128	70.9079
752	владимир	NOUN	1669	0.0128	70.9207
753	воля	NOUN	1667	0.0128	70.9335
754	держаться	VERB	1665	0.0128	70.9463
755	мальчишка	NOUN	1665	0.0128	70.9591
756	цель	NOUN	1661	0.0128	70.9718
757	остальной	ADJF	1660	0.0127	70.9846
758	возможно	CONJ	1657	0.0127	70.9973
759	хороший	ADJS	1656	0.0127	71.0100
760	привести	VERB	1656	0.0127	71.0227
761	птица	NOUN	1653	0.0127	71.0354
762	кино	NOUN	1649	0.0127	71.0481
763	сметь	VERB	1648	0.0127	71.0607
764	нести	VERB	1645	0.0126	71.0734
765	произойти	VERB	1639	0.0126	71.0860
766	играть	INFN	1635	0.0126	71.0985
767	например	CONJ	1634	0.0125	71.1110
768	захотеть	VERB	1633	0.0125	71.1236
769	паша	NOUN	1629	0.0125	71.1361
770	игра	NOUN	1629	0.0125	71.1486
771	личный	ADJF	1627	0.0125	71.1611
772	слушайте	INTJ	1621	0.0124	71.1735
773	миша	NOUN	1621	0.0124	71.1860
774	пара	NOUN	1617	0.0124	71.1984
775	чистый	ADJF	1617	0.0124	71.2108
776	двое	NUMR	1617	0.0124	71.2232
777	заметить	VERB	1616	0.0124	71.2356
778	край	NOUN	1616	0.0124	71.2480
779	труд	NOUN	1614	0.0124	71.2604
780	немецкий	ADJF	1614	0.0124	71.2728
781	смотреть	INFN	1614	0.0124	71.2852
782	запомнить	VERB	1606	0.0123	71.2975
783	че	NOUN	1605	0.0123	71.3099
784	батюшка	NOUN	1604	0.0123	71.3222
785	требовать	VERB	1603	0.0123	71.3345
786	родиться	VERB	1601	0.0123	71.3468
787	урок	NOUN	1601	0.0123	71.3591
788	найтись	VERB	1600	0.0123	71.3713
789	обратно	ADVB	1600	0.0123	71.3836
790	отряд	NOUN	1599	0.0123	71.3959
791	далее	ADVB	1599	0.0123	71.4082
792	проводить	VERB	1595	0.0122	71.4204
793	александрович	NOUN	1595	0.0122	71.4327
794	сказка	NOUN	1587	0.0122	71.4448
795	п	NOUN	1586	0.0122	71.4570
796	группа	NOUN	1584	0.0122	71.4692
797	игорь	NOUN	1579	0.0121	71.4813
798	дух	NOUN	1578	0.0121	71.4934
799	маленький	COMP	1575	0.0121	71.5055
800	слушаться	VERB	1571	0.0121	71.5176
801	подарок	NOUN	1569	0.0120	71.5296
802	чудо	NOUN	1567	0.0120	71.5416
803	поверить	VERB	1567	0.0120	71.5537
804	болеть	VERB	1565	0.0120	71.5657
805	стих	NOUN	1565	0.0120	71.5777
806	честно	ADVB	1564	0.0120	71.5897
807	разговаривать	VERB	1563	0.0120	71.6017
808	ухо	NOUN	1560	0.0120	71.6137
809	воздух	NOUN	1559	0.0120	71.6257
810	видать	VERB	1558	0.0120	71.6376
811	собственный	ADJF	1554	0.0119	71.6495
812	искать	INFN	1547	0.0119	71.6614
813	лично	ADVB	1547	0.0119	71.6733
814	угодный	ADJS	1546	0.0119	71.6852
815	партия	NOUN	1541	0.0118	71.6970
816	происходить	VERB	1541	0.0118	71.7088
817	звезда	NOUN	1541	0.0118	71.7207
818	чувство	NOUN	1538	0.0118	71.7325
819	приезжать	VERB	1537	0.0118	71.7443
820	серьёзный	ADJF	1537	0.0118	71.7561
821	пол	NOUN	1537	0.0118	71.7679
822	странный	ADJF	1531	0.0118	71.7796
823	семён	NOUN	1530	0.0117	71.7914
824	среди	PREP	1525	0.0117	71.8031
825	победа	NOUN	1521	0.0117	71.8147
826	виктор	NOUN	1517	0.0116	71.8264
827	тайна	NOUN	1516	0.0116	71.8380
828	беспокоиться	VERB	1516	0.0116	71.8497
829	узнать	INFN	1513	0.0116	71.8613
830	простой	ADJF	1512	0.0116	71.8729
831	единственный	ADJF	1511	0.0116	71.8845
832	сожаление	NOUN	1511	0.0116	71.8961
833	праздник	NOUN	1510	0.0116	71.9077
834	называться	VERB	1509	0.0116	71.9193
835	жених	NOUN	1508	0.0116	71.9308
836	ответ	NOUN	1507	0.0116	71.9424
837	встретить	VERB	1506	0.0116	71.9540
838	сад	NOUN	1506	0.0116	71.9655
839	адрес	NOUN	1505	0.0116	71.9771
840	странно	ADVB	1503	0.0115	71.9886
841	выход	NOUN	1503	0.0115	72.0002
842	бумага	NOUN	1501	0.0115	72.0117
843	родина	NOUN	1500	0.0115	72.0232
844	учитель	NOUN	1495	0.0115	72.0347
845	шесть	NUMR	1489	0.0114	72.0461
846	войти	VERB	1487	0.0114	72.0575
847	собраться	VERB	1487	0.0114	72.0689
848	остановиться	VERB	1487	0.0114	72.0804
849	рада	NOUN	1485	0.0114	72.0918
850	рано	ADVB	1483	0.0114	72.1031
851	больной	ADJF	1480	0.0114	72.1145
852	счастливый	ADJS	1478	0.0113	72.1259
853	прежде	PREP	1476	0.0113	72.1372
854	камень	NOUN	1475	0.0113	72.1485
855	идея	NOUN	1474	0.0113	72.1598
856	познакомиться	VERB	1472	0.0113	72.1711
857	сосед	NOUN	1467	0.0113	72.1824
858	артист	NOUN	1466	0.0113	72.1936
859	пожалуй	CONJ	1465	0.0112	72.2049
860	семь	NUMR	1464	0.0112	72.2161
861	шутка	NOUN	1462	0.0112	72.2274
862	некоторый	ADJF	1462	0.0112	72.2386
863	тюрьма	NOUN	1458	0.0112	72.2498
864	позвать	VERB	1455	0.0112	72.2609
865	удаться	VERB	1454	0.0112	72.2721
866	понравиться	VERB	1452	0.0111	72.2832
867	вино	NOUN	1450	0.0111	72.2944
868	покой	NOUN	1450	0.0111	72.3055
869	след	NOUN	1448	0.0111	72.3166
870	операция	NOUN	1442	0.0111	72.3277
871	учить	VERB	1440	0.0111	72.3388
872	удовольствие	NOUN	1437	0.0110	72.3498
873	лёгкий	COMP	1427	0.0110	72.3607
874	граница	NOUN	1423	0.0109	72.3717
875	важный	ADJF	1423	0.0109	72.3826
876	цветок	NOUN	1422	0.0109	72.3935
877	обед	NOUN	1420	0.0109	72.4044
878	разобраться	VERB	1416	0.0109	72.4153
879	михаил	NOUN	1416	0.0109	72.4261
880	часто	ADVB	1414	0.0109	72.4370
881	подходить	VERB	1413	0.0108	72.4479
882	осторожно	ADVB	1413	0.0108	72.4587
883	гореть	VERB	1413	0.0108	72.4695
884	вместо	PREP	1412	0.0108	72.4804
885	однако	CONJ	1412	0.0108	72.4912
886	стать	INFN	1410	0.0108	72.5021
887	речь	NOUN	1408	0.0108	72.5129
888	умный	ADJF	1408	0.0108	72.5237
889	федя	NOUN	1408	0.0108	72.5345
890	достать	VERB	1407	0.0108	72.5453
891	ходить	INFN	1407	0.0108	72.5561
892	совесть	NOUN	1401	0.0108	72.5668
893	станция	NOUN	1400	0.0107	72.5776
894	войско	NOUN	1400	0.0107	72.5883
895	начаться	VERB	1399	0.0107	72.5991
896	свобода	NOUN	1397	0.0107	72.6098
897	везти	VERB	1397	0.0107	72.6205
898	рыба	NOUN	1393	0.0107	72.6312
899	ступать	VERB	1392	0.0107	72.6419
900	спешить	VERB	1391	0.0107	72.6526
901	пан	NOUN	1388	0.0107	72.6632
902	борис	NOUN	1387	0.0106	72.6739
903	мастер	NOUN	1386	0.0106	72.6845
904	лезть	VERB	1384	0.0106	72.6952
905	встретиться	VERB	1382	0.0106	72.7058
906	сидеть	INFN	1381	0.0106	72.7164
907	отлично	ADVB	1381	0.0106	72.7270
908	пускай	CONJ	1379	0.0106	72.7376
909	карта	NOUN	1376	0.0106	72.7481
910	ошибка	NOUN	1375	0.0106	72.7587
911	интересный	ADJF	1372	0.0105	72.7692
912	мера	NOUN	1372	0.0105	72.7797
913	инженер	NOUN	1371	0.0105	72.7903
914	еда	NOUN	1371	0.0105	72.8008
915	зато	CONJ	1367	0.0105	72.8113
916	получать	VERB	1363	0.0105	72.8217
917	писать	INFN	1363	0.0105	72.8322
918	момент	NOUN	1362	0.0105	72.8427
919	продолжать	VERB	1360	0.0104	72.8531
920	браво	ADVB	1360	0.0104	72.8635
921	степан	NOUN	1358	0.0104	72.8740
922	предложение	NOUN	1357	0.0104	72.8844
923	немножко	ADVB	1357	0.0104	72.8948
924	клясться	VERB	1356	0.0104	72.9052
925	посмотреть	INFN	1354	0.0104	72.9156
926	мария	NOUN	1353	0.0104	72.9260
927	прошлый	ADJF	1352	0.0104	72.9364
928	появиться	VERB	1351	0.0104	72.9468
929	очередь	NOUN	1350	0.0104	72.9571
930	село	NOUN	1349	0.0104	72.9675
931	грех	NOUN	1348	0.0103	72.9778
932	председатель	NOUN	1347	0.0103	72.9882
933	характер	NOUN	1346	0.0103	72.9985
934	проклятый	ADJF	1345	0.0103	73.0088
935	магазин	NOUN	1344	0.0103	73.0191
936	старший	NOUN	1342	0.0103	73.0294
937	наташа	NOUN	1341	0.0103	73.0397
938	слеза	NOUN	1339	0.0103	73.0500
939	вызывать	VERB	1337	0.0103	73.0603
940	торопиться	VERB	1335	0.0102	73.0705
941	легко	ADVB	1334	0.0102	73.0808
942	служить	VERB	1331	0.0102	73.0910
943	ход	NOUN	1330	0.0102	73.1012
944	ольга	NOUN	1330	0.0102	73.1114
945	андреевич	NOUN	1328	0.0102	73.1216
946	помогать	VERB	1327	0.0102	73.1318
947	положить	VERB	1326	0.0102	73.1420
948	весна	NOUN	1324	0.0102	73.1521
949	охота	NOUN	1323	0.0102	73.1623
950	удар	NOUN	1323	0.0102	73.1724
951	подумать	INFN	1318	0.0101	73.1826
952	детство	NOUN	1318	0.0101	73.1927
953	причина	NOUN	1316	0.0101	73.2028
954	называть	VERB	1314	0.0101	73.2129
955	гулять	VERB	1312	0.0101	73.2229
956	насчёт	PREP	1312	0.0101	73.2330
957	женя	NOUN	1311	0.0101	73.2431
958	решение	NOUN	1308	0.0100	73.2531
959	срочно	ADVB	1306	0.0100	73.2632
960	гад	NOUN	1306	0.0100	73.2732
961	образ	NOUN	1306	0.0100	73.2832
962	несчастный	ADJF	1305	0.0100	73.2932
963	задача	NOUN	1304	0.0100	73.3032
964	дама	NOUN	1303	0.0100	73.3132
965	оля	NOUN	1303	0.0100	73.3232
966	невозможно	ADVB	1299	0.0100	73.3332
967	зверь	NOUN	1297	0.0100	73.3432
968	курс	NOUN	1296	0.0099	73.3531
969	поймать	VERB	1293	0.0099	73.3630
970	стоп	INTJ	1293	0.0099	73.3730
971	бедный	ADJF	1291	0.0099	73.3829
972	рождение	NOUN	1290	0.0099	73.3928
973	становиться	VERB	1290	0.0099	73.4027
974	танк	NOUN	1290	0.0099	73.4126
975	повезти	VERB	1289	0.0099	73.4225
976	возможность	NOUN	1289	0.0099	73.4324
977	трогать	VERB	1287	0.0099	73.4423
978	забрать	VERB	1285	0.0099	73.4521
979	постараться	VERB	1285	0.0099	73.4620
980	таня	NOUN	1285	0.0099	73.4719
981	довольно	ADVB	1284	0.0099	73.4817
982	назвать	VERB	1282	0.0098	73.4916
983	успех	NOUN	1282	0.0098	73.5014
984	ставить	VERB	1282	0.0098	73.5112
985	обязать	PRTS	1280	0.0098	73.5211
986	тяжёлый	ADJF	1277	0.0098	73.5309
987	лодка	NOUN	1277	0.0098	73.5407
988	вокруг	PREP	1275	0.0098	73.5505
989	мадам	NOUN	1274	0.0098	73.5602
990	дождь	NOUN	1272	0.0098	73.5700
991	фёдорович	NOUN	1271	0.0098	73.5798
992	слыхать	VERB	1269	0.0097	73.5895
993	лето	NOUN	1267	0.0097	73.5992
994	важно	ADVB	1267	0.0097	73.6090
995	стараться	VERB	1260	0.0097	73.6186
996	штаб	NOUN	1259	0.0097	73.6283
997	принцесса	NOUN	1259	0.0097	73.6380
998	детский	ADJF	1258	0.0097	73.6476
999	дерево	NOUN	1257	0.0097	73.6573
1000	отойти	VERB	1257	0.0097	73.6669
1001	условие	NOUN	1255	0.0096	73.6766
1002	особенно	ADVB	1254	0.0096	73.6862
1003	дура	NOUN	1252	0.0096	73.6958
1004	убрать	VERB	1251	0.0096	73.7054
1005	опоздать	VERB	1247	0.0096	73.7150
1006	шутить	VERB	1244	0.0096	73.7245
1007	изволить	VERB	1243	0.0095	73.7341
1008	стоять	INFN	1242	0.0095	73.7436
1009	петя	NOUN	1242	0.0095	73.7531
1010	колхоз	NOUN	1241	0.0095	73.7627
1011	глупый	ADJF	1238	0.0095	73.7722
1012	испугаться	VERB	1237	0.0095	73.7817
1013	зуб	NOUN	1236	0.0095	73.7912
1014	нина	NOUN	1234	0.0095	73.8006
1015	будущее	NOUN	1232	0.0095	73.8101
1016	мамочка	NOUN	1232	0.0095	73.8195
1017	прекратить	VERB	1232	0.0095	73.8290
1018	государь	NOUN	1232	0.0095	73.8385
1019	семёнович	NOUN	1232	0.0095	73.8479
1020	революция	NOUN	1228	0.0094	73.8573
1021	итак	CONJ	1227	0.0094	73.8668
1022	курить	VERB	1226	0.0094	73.8762
1023	шум	NOUN	1224	0.0094	73.8856
1024	носить	VERB	1224	0.0094	73.8950
1025	секрет	NOUN	1223	0.0094	73.9044
1026	красота	NOUN	1223	0.0094	73.9137
1027	упасть	VERB	1223	0.0094	73.9231
1028	антон	NOUN	1223	0.0094	73.9325
1029	больница	NOUN	1221	0.0094	73.9419
1030	передать	INFN	1221	0.0094	73.9513
1031	митя	NOUN	1221	0.0094	73.9606
1032	факт	NOUN	1218	0.0094	73.9700
1033	случайно	ADVB	1216	0.0093	73.9793
1034	продать	VERB	1214	0.0093	73.9887
1035	явиться	VERB	1214	0.0093	73.9980
1036	просьба	NOUN	1208	0.0093	74.0072
1037	спросить	INFN	1206	0.0093	74.0165
1038	велеть	VERB	1203	0.0092	74.0257
1039	костя	NOUN	1201	0.0092	74.0350
1040	привыкнуть	VERB	1197	0.0092	74.0441
1041	палец	NOUN	1197	0.0092	74.0533
1042	выше	ADVB	1195	0.0092	74.0625
1043	желание	NOUN	1193	0.0092	74.0717
1044	лена	NOUN	1192	0.0092	74.0808
1045	миллион	NOUN	1192	0.0092	74.0900
1046	сильный	ADJF	1191	0.0091	74.0991
1047	штука	NOUN	1191	0.0091	74.1083
1048	половина	NOUN	1185	0.0091	74.1174
1049	устроить	VERB	1184	0.0091	74.1264
1050	мечтать	VERB	1184	0.0091	74.1355
1051	срок	NOUN	1183	0.0091	74.1446
1052	корова	NOUN	1183	0.0091	74.1537
1053	сорок	NUMR	1181	0.0091	74.1628
1054	комиссар	NOUN	1180	0.0091	74.1718
1055	уйти	INFN	1178	0.0090	74.1809
1056	телеграмма	NOUN	1177	0.0090	74.1899
1057	сволочь	NOUN	1176	0.0090	74.1989
1058	свободный	ADJS	1176	0.0090	74.2080
1059	волк	NOUN	1175	0.0090	74.2170
1060	близкий	COMP	1174	0.0090	74.2260
1061	проверить	VERB	1174	0.0090	74.2350
1062	надя	NOUN	1174	0.0090	74.2440
1063	стена	NOUN	1171	0.0090	74.2530
1064	подарить	VERB	1169	0.0090	74.2620
1065	чемодан	NOUN	1168	0.0090	74.2710
1066	цена	NOUN	1167	0.0090	74.2799
1067	занятый	ADJS	1167	0.0090	74.2889
1068	уверенный	ADJS	1167	0.0090	74.2978
1069	левый	ADJF	1167	0.0090	74.3068
1070	снимать	VERB	1166	0.0090	74.3157
1071	возвращаться	VERB	1165	0.0089	74.3247
1072	входить	VERB	1165	0.0089	74.3336
1073	боевой	ADJF	1165	0.0089	74.3426
1074	украсть	VERB	1162	0.0089	74.3515
1075	иметь	INFN	1162	0.0089	74.3604
1076	восемь	NUMR	1161	0.0089	74.3693
1077	снег	NOUN	1160	0.0089	74.3782
1078	часы	NOUN	1159	0.0089	74.3871
1079	смех	NOUN	1158	0.0089	74.3960
1080	форма	NOUN	1157	0.0089	74.4049
1081	звучать	VERB	1154	0.0089	74.4138
1082	бригада	NOUN	1154	0.0089	74.4226
1083	пригласить	VERB	1152	0.0088	74.4315
1084	марш	INTJ	1151	0.0088	74.4403
1085	зелёный	ADJF	1146	0.0088	74.4491
1086	г	NOUN	1144	0.0088	74.4579
1087	лишний	ADJF	1142	0.0088	74.4666
1088	свидетель	NOUN	1141	0.0088	74.4754
1089	бывший	ADJF	1140	0.0088	74.4842
1090	злой	ADJF	1139	0.0087	74.4929
1091	общество	NOUN	1138	0.0087	74.5016
1092	узнавать	VERB	1133	0.0087	74.5103
1093	мнение	NOUN	1131	0.0087	74.5190
1094	страх	NOUN	1130	0.0087	74.5277
1095	побежать	VERB	1129	0.0087	74.5364
1096	фотография	NOUN	1128	0.0087	74.5450
1097	танец	NOUN	1126	0.0086	74.5537
1098	глупость	NOUN	1126	0.0086	74.5623
1099	лев	NOUN	1126	0.0086	74.5710
1100	копейка	NOUN	1125	0.0086	74.5796
1101	пример	NOUN	1124	0.0086	74.5882
1102	брать	INFN	1124	0.0086	74.5968
1103	повод	NOUN	1122	0.0086	74.6055
1104	ишь	INTJ	1118	0.0086	74.6140
1105	девка	NOUN	1116	0.0086	74.6226
1106	свободный	ADJF	1113	0.0085	74.6312
1107	пожалеть	VERB	1112	0.0085	74.6397
1108	точка	NOUN	1110	0.0085	74.6482
1109	спокойный	ADJF	1107	0.0085	74.6567
1110	милость	NOUN	1106	0.0085	74.6652
1111	вернуть	VERB	1105	0.0085	74.6737
1112	ложиться	VERB	1105	0.0085	74.6822
1113	сеньор	NOUN	1105	0.0085	74.6907
1114	мост	NOUN	1104	0.0085	74.6991
1115	борьба	NOUN	1100	0.0084	74.7076
1116	показаться	VERB	1100	0.0084	74.7160
1117	остров	NOUN	1099	0.0084	74.7245
1118	недавно	ADVB	1099	0.0084	74.7329
1119	сходить	VERB	1095	0.0084	74.7413
1120	особый	ADJF	1092	0.0084	74.7497
1121	гнать	VERB	1091	0.0084	74.7581
1122	приходиться	VERB	1089	0.0084	74.7664
1123	вполне	ADVB	1089	0.0084	74.7748
1124	красавица	NOUN	1088	0.0084	74.7831
1125	знак	NOUN	1086	0.0083	74.7915
1126	тянуть	VERB	1086	0.0083	74.7998
1127	посидеть	VERB	1084	0.0083	74.8081
1128	тридцать	NUMR	1084	0.0083	74.8164
1129	пустой	ADJF	1083	0.0083	74.8248
1130	навсегда	ADVB	1082	0.0083	74.8331
1131	кругом	ADVB	1082	0.0083	74.8414
1132	держать	INFN	1082	0.0083	74.8497
1133	водка	NOUN	1081	0.0083	74.8580
1134	роман	NOUN	1080	0.0083	74.8663
1135	роль	NOUN	1078	0.0083	74.8745
1136	вор	NOUN	1078	0.0083	74.8828
1137	разговаривать	INFN	1078	0.0083	74.8911
1138	пятый	ADJF	1077	0.0083	74.8994
1139	уважаемый	ADJF	1076	0.0083	74.9076
1140	париж	NOUN	1076	0.0083	74.9159
1141	х	X	1075	0.0083	74.9241
1142	противник	NOUN	1075	0.0083	74.9324
1143	талант	NOUN	1074	0.0082	74.9406
1144	ездить	VERB	1074	0.0082	74.9489
1145	проблема	NOUN	1074	0.0082	74.9571
1146	впрочем	CONJ	1074	0.0082	74.9654
1147	необходимо	PRED	1071	0.0082	74.9736
1148	хлопец	NOUN	1070	0.0082	74.9818
1149	написать	PRTS	1068	0.0082	74.9900
1150	осторожный	COMP	1066	0.0082	74.9982
1151	интересовать	VERB	1066	0.0082	75.0064
1152	представить	VERB	1064	0.0082	75.0145
1153	танцевать	VERB	1064	0.0082	75.0227
1154	лёша	NOUN	1064	0.0082	75.0309
1155	задание	NOUN	1064	0.0082	75.0391
1156	картина	NOUN	1063	0.0082	75.0472
1157	поднять	VERB	1062	0.0082	75.0554
1158	встречать	VERB	1062	0.0082	75.0635
1159	минутка	NOUN	1062	0.0082	75.0717
1160	подруга	NOUN	1061	0.0081	75.0798
1161	закрыть	VERB	1061	0.0081	75.0880
1162	дружба	NOUN	1060	0.0081	75.0961
1163	состояние	NOUN	1059	0.0081	75.1042
1164	касаться	VERB	1058	0.0081	75.1124
1165	добро	ADVB	1058	0.0081	75.1205
1166	достаточно	ADVB	1057	0.0081	75.1286
1167	стрелять	INFN	1057	0.0081	75.1367
1168	знакомый	ADJS	1055	0.0081	75.1448
1169	любить	INFN	1054	0.0081	75.1529
1170	искусство	NOUN	1054	0.0081	75.1610
1171	расти	VERB	1052	0.0081	75.1691
1172	угол	NOUN	1052	0.0081	75.1771
1173	рабочий	ADJF	1051	0.0081	75.1852
1174	учёный	NOUN	1051	0.0081	75.1933
1175	рабочий	NOUN	1049	0.0081	75.2013
1176	пасть	VERB	1048	0.0080	75.2094
1177	алексеевич	NOUN	1046	0.0080	75.2174
1178	книжка	NOUN	1046	0.0080	75.2254
1179	медведь	NOUN	1045	0.0080	75.2335
1180	учиться	INFN	1045	0.0080	75.2415
1181	ерунда	NOUN	1043	0.0080	75.2495
1182	начальство	NOUN	1042	0.0080	75.2575
1183	ужасно	ADVB	1042	0.0080	75.2655
1184	небось	PRCL	1041	0.0080	75.2735
1185	согласиться	VERB	1041	0.0080	75.2815
1186	убежать	VERB	1040	0.0080	75.2895
1187	ворота	NOUN	1040	0.0080	75.2974
1188	батя	NOUN	1040	0.0080	75.3054
1189	граф	NOUN	1039	0.0080	75.3134
1190	километр	NOUN	1037	0.0080	75.3214
1191	художник	NOUN	1034	0.0079	75.3293
1192	счастливо	ADVB	1034	0.0079	75.3372
1193	услышать	VERB	1034	0.0079	75.3452
1194	приём	NOUN	1031	0.0079	75.3531
1195	мечта	NOUN	1030	0.0079	75.3610
1196	бандит	NOUN	1030	0.0079	75.3689
1197	бросать	VERB	1027	0.0079	75.3768
1198	верный	ADJF	1027	0.0079	75.3847
1199	похоже	ADVB	1027	0.0079	75.3926
1200	положить	PRTS	1027	0.0079	75.4004
1201	вызвать	VERB	1026	0.0079	75.4083
1202	действовать	VERB	1026	0.0079	75.4162
1203	также	PRCL	1026	0.0079	75.4241
1204	союз	NOUN	1024	0.0079	75.4319
1205	нынче	ADVB	1024	0.0079	75.4398
1206	выйти	INFN	1023	0.0079	75.4476
1207	сообщить	VERB	1022	0.0078	75.4555
1208	замечательный	ADJF	1021	0.0078	75.4633
1209	говорить	GRND	1018	0.0078	75.4711
1210	сапог	NOUN	1017	0.0078	75.4790
1211	напрасно	ADVB	1016	0.0078	75.4868
1212	хе	INTJ	1015	0.0078	75.4945
1213	вырасти	VERB	1015	0.0078	75.5023
1214	зло	NOUN	1014	0.0078	75.5101
1215	журнал	NOUN	1014	0.0078	75.5179
1216	преступник	NOUN	1013	0.0078	75.5257
1217	витя	NOUN	1012	0.0078	75.5335
1218	петь	INFN	1011	0.0078	75.5412
1219	увидеть	INFN	1010	0.0078	75.5490
1220	кот	NOUN	1010	0.0078	75.5567
1221	вагон	NOUN	1008	0.0077	75.5645
1222	алеш	NOUN	1008	0.0077	75.5722
1223	платье	NOUN	1008	0.0077	75.5799
1224	сутки	NOUN	1007	0.0077	75.5877
1225	показывать	VERB	1005	0.0077	75.5954
1226	юрий	NOUN	1004	0.0077	75.6031
1227	бегать	VERB	1003	0.0077	75.6108
1228	ильич	NOUN	1003	0.0077	75.6185
1229	человеческий	ADJF	1001	0.0077	75.6262
1230	собрать	VERB	999	0.0077	75.6338
1231	однажды	ADVB	998	0.0077	75.6415
1232	смешно	ADVB	998	0.0077	75.6492
1233	съесть	VERB	995	0.0076	75.6568
1234	карман	NOUN	994	0.0076	75.6644
1235	открывать	VERB	994	0.0076	75.6721
1236	подать	VERB	993	0.0076	75.6797
1237	спина	NOUN	993	0.0076	75.6873
1238	допустить	VERB	991	0.0076	75.6949
1239	рот	NOUN	990	0.0076	75.7025
1240	род	NOUN	988	0.0076	75.7101
1241	оказываться	VERB	987	0.0076	75.7177
1242	голубчик	NOUN	985	0.0076	75.7252
1243	ресторан	NOUN	984	0.0076	75.7328
1244	пойти	INFN	983	0.0075	75.7403
1245	либо	CONJ	982	0.0075	75.7479
1246	кофе	NOUN	981	0.0075	75.7554
1247	прибыть	VERB	980	0.0075	75.7629
1248	дача	NOUN	979	0.0075	75.7705
1249	юра	NOUN	979	0.0075	75.7780
1250	умолять	VERB	977	0.0075	75.7855
1251	новость	NOUN	977	0.0075	75.7930
1252	отказаться	VERB	976	0.0075	75.8005
1253	степанович	NOUN	975	0.0075	75.8079
1254	цирк	NOUN	975	0.0075	75.8154
1255	отстать	VERB	974	0.0075	75.8229
1256	дворец	NOUN	971	0.0075	75.8304
1257	полиция	NOUN	971	0.0075	75.8378
1258	синий	ADJF	971	0.0075	75.8453
1259	наверно	CONJ	970	0.0074	75.8527
1260	елена	NOUN	969	0.0074	75.8602
1261	красиво	ADVB	968	0.0074	75.8676
1262	забывать	VERB	968	0.0074	75.8750
1263	жалеть	VERB	967	0.0074	75.8824
1264	отпуск	NOUN	965	0.0074	75.8899
1265	природа	NOUN	964	0.0074	75.8973
1266	иной	ADJF	963	0.0074	75.9046
1267	дойти	VERB	963	0.0074	75.9120
1268	родственник	NOUN	962	0.0074	75.9194
1269	собственно	PRCL	962	0.0074	75.9268
1270	григориевич	NOUN	962	0.0074	75.9342
1271	ловить	VERB	958	0.0074	75.9416
1272	проснуться	VERB	957	0.0073	75.9489
1273	близкий	ADJF	956	0.0073	75.9562
1274	сердиться	VERB	956	0.0073	75.9636
1275	впереди	ADVB	955	0.0073	75.9709
1276	поступить	VERB	953	0.0073	75.9782
1277	участок	NOUN	952	0.0073	75.9855
1278	подобный	ADJF	951	0.0073	75.9928
1279	научить	VERB	949	0.0073	76.0001
1280	лёгкий	ADJF	949	0.0073	76.0074
1281	ненавидеть	VERB	948	0.0073	76.0147
1282	компания	NOUN	947	0.0073	76.0220
1283	королева	NOUN	947	0.0073	76.0292
1284	евгений	NOUN	947	0.0073	76.0365
1285	принять	INFN	945	0.0073	76.0437
1286	вовсе	ADVB	944	0.0072	76.0510
1287	некогда	ADVB	943	0.0072	76.0582
1288	жениться	INFN	943	0.0072	76.0655
1289	ленинград	NOUN	943	0.0072	76.0727
1290	исчезнуть	VERB	942	0.0072	76.0799
1291	хвост	NOUN	940	0.0072	76.0872
1292	член	NOUN	938	0.0072	76.0944
1293	отправить	VERB	934	0.0072	76.1015
1294	скажем	CONJ	933	0.0072	76.1087
1295	гриша	NOUN	933	0.0072	76.1159
1296	пытаться	VERB	932	0.0072	76.1230
1297	отвечать	INFN	932	0.0072	76.1302
1298	молоко	NOUN	932	0.0072	76.1373
1299	ежели	CONJ	931	0.0071	76.1445
1300	огромный	ADJF	928	0.0071	76.1516
1301	закончить	VERB	927	0.0071	76.1587
1302	прежний	ADJF	924	0.0071	76.1658
1303	взяться	VERB	924	0.0071	76.1729
1304	вс	NOUN	924	0.0071	76.1800
1305	борт	NOUN	922	0.0071	76.1871
1306	причём	CONJ	921	0.0071	76.1941
1307	интерес	NOUN	921	0.0071	76.2012
1308	молчать	INFN	920	0.0071	76.2083
1309	шея	NOUN	920	0.0071	76.2153
1310	мимо	PREP	920	0.0071	76.2224
1311	ничто	NPRO	919	0.0071	76.2295
1312	сударь	NOUN	918	0.0070	76.2365
1313	трое	NUMR	918	0.0070	76.2436
1314	линия	NOUN	917	0.0070	76.2506
1315	тело	NOUN	917	0.0070	76.2576
1316	купить	INFN	917	0.0070	76.2647
1317	разумеется	CONJ	917	0.0070	76.2717
1318	хм	INTJ	914	0.0070	76.2787
1319	воевать	VERB	913	0.0070	76.2857
1320	собрание	NOUN	911	0.0070	76.2927
1321	государственный	ADJF	911	0.0070	76.2997
1322	понимать	INFN	910	0.0070	76.3067
1323	возраст	NOUN	910	0.0070	76.3137
1324	обойтись	VERB	909	0.0070	76.3207
1325	четвёртый	ADJF	909	0.0070	76.3277
1326	начинаться	VERB	908	0.0070	76.3346
1327	кухня	NOUN	908	0.0070	76.3416
1328	отдел	NOUN	906	0.0070	76.3485
1329	заявление	NOUN	906	0.0070	76.3555
1330	выпить	INFN	906	0.0070	76.3625
1331	сержант	NOUN	906	0.0070	76.3694
1332	тяжело	ADVB	905	0.0069	76.3764
1333	учесть	VERB	905	0.0069	76.3833
1334	остановить	VERB	903	0.0069	76.3902
1335	валя	NOUN	903	0.0069	76.3972
1336	болезнь	NOUN	902	0.0069	76.4041
1337	около	PREP	901	0.0069	76.4110
1338	умирать	VERB	901	0.0069	76.4179
1339	отдыхать	VERB	901	0.0069	76.4249
1340	труба	NOUN	900	0.0069	76.4318
1341	записать	VERB	900	0.0069	76.4387
1342	убить	INFN	899	0.0069	76.4456
1343	готовить	VERB	899	0.0069	76.4525
1344	посадить	VERB	898	0.0069	76.4594
1345	принц	NOUN	898	0.0069	76.4663
1346	хозяйка	NOUN	897	0.0069	76.4731
1347	погода	NOUN	897	0.0069	76.4800
1348	статья	NOUN	897	0.0069	76.4869
1349	железный	ADJF	896	0.0069	76.4938
1350	государство	NOUN	896	0.0069	76.5007
1351	встречаться	VERB	894	0.0069	76.5075
1352	результат	NOUN	894	0.0069	76.5144
1353	плечо	NOUN	892	0.0068	76.5213
1354	нормальный	ADJF	892	0.0068	76.5281
1355	заплатить	VERB	889	0.0068	76.5349
1356	григорий	NOUN	889	0.0068	76.5417
1357	взгляд	NOUN	888	0.0068	76.5486
1358	люба	NOUN	888	0.0068	76.5554
1359	нож	NOUN	887	0.0068	76.5622
1360	пуля	NOUN	887	0.0068	76.5690
1361	видать	CONJ	887	0.0068	76.5758
1362	л	NOUN	885	0.0068	76.5826
1363	дмитрий	NOUN	885	0.0068	76.5894
1364	илья	NOUN	885	0.0068	76.5962
1365	ударить	VERB	884	0.0068	76.6030
1366	славный	ADJF	883	0.0068	76.6098
1367	приятель	NOUN	883	0.0068	76.6165
1368	существовать	VERB	883	0.0068	76.6233
1369	зима	NOUN	882	0.0068	76.6301
1370	поглядеть	VERB	882	0.0068	76.6369
1371	цвет	NOUN	881	0.0068	76.6436
1372	морской	ADJF	880	0.0068	76.6504
1373	собирать	VERB	879	0.0067	76.6571
1374	сбежать	VERB	879	0.0067	76.6639
1375	мешок	NOUN	877	0.0067	76.6706
1376	ожидать	VERB	877	0.0067	76.6773
1377	опыт	NOUN	877	0.0067	76.6841
1378	делаться	VERB	877	0.0067	76.6908
1379	оттуда	ADVB	876	0.0067	76.6975
1380	поди	INTJ	876	0.0067	76.7043
1381	правый	ADJF	876	0.0067	76.7110
1382	читать	INFN	876	0.0067	76.7177
1383	бутылка	NOUN	876	0.0067	76.7244
1384	пройти	INFN	875	0.0067	76.7311
1385	убивать	VERB	874	0.0067	76.7379
1386	замок	NOUN	873	0.0067	76.7446
1387	число	NOUN	873	0.0067	76.7513
1388	записка	NOUN	872	0.0067	76.7580
1389	правило	NOUN	872	0.0067	76.7647
1390	звук	NOUN	871	0.0067	76.7713
1391	опаздывать	VERB	870	0.0067	76.7780
1392	комиссия	NOUN	868	0.0067	76.7847
1393	заниматься	INFN	866	0.0066	76.7913
1394	марья	NOUN	866	0.0066	76.7980
1395	грудь	NOUN	865	0.0066	76.8046
1396	министр	NOUN	865	0.0066	76.8113
1397	богатый	ADJF	865	0.0066	76.8179
1398	спасть	VERB	862	0.0066	76.8245
1399	кузьмич	NOUN	862	0.0066	76.8311
1400	обстоятельство	NOUN	862	0.0066	76.8378
1401	повторять	VERB	860	0.0066	76.8444
1402	полка	NOUN	859	0.0066	76.8509
1403	разведка	NOUN	859	0.0066	76.8575
1404	добро	NOUN	858	0.0066	76.8641
1405	вернуться	INFN	858	0.0066	76.8707
1406	центр	NOUN	858	0.0066	76.8773
1407	де	PRCL	858	0.0066	76.8839
1408	оставить	INFN	857	0.0066	76.8905
1409	многое	NPRO	857	0.0066	76.8970
1410	лётчик	NOUN	857	0.0066	76.9036
1411	сдать	VERB	856	0.0066	76.9102
1412	говориться	VERB	854	0.0066	76.9168
1413	словно	CONJ	854	0.0066	76.9233
1414	техника	NOUN	853	0.0065	76.9299
1415	киев	NOUN	853	0.0065	76.9364
1416	трава	NOUN	853	0.0065	76.9430
1417	приглашать	VERB	852	0.0065	76.9495
1418	народный	ADJF	851	0.0065	76.9560
1419	паспорт	NOUN	851	0.0065	76.9626
1420	бить	INFN	850	0.0065	76.9691
1421	вокзал	NOUN	849	0.0065	76.9756
1422	сведение	NOUN	849	0.0065	76.9821
1423	сигнал	NOUN	848	0.0065	76.9886
1424	коли	CONJ	848	0.0065	76.9951
1425	везде	ADVB	848	0.0065	77.0017
1426	летать	VERB	848	0.0065	77.0082
1427	английский	ADJF	847	0.0065	77.0147
1428	покупать	VERB	846	0.0065	77.0212
1429	трус	NOUN	845	0.0065	77.0277
1430	система	NOUN	844	0.0065	77.0341
1431	профессия	NOUN	844	0.0065	77.0406
1432	остаться	INFN	843	0.0065	77.0471
1433	большевик	NOUN	843	0.0065	77.0536
1434	костюм	NOUN	842	0.0065	77.0600
1435	сумасшедший	ADJF	841	0.0065	77.0665
1436	вести	INFN	841	0.0065	77.0729
1437	забота	NOUN	840	0.0064	77.0794
1438	матушка	NOUN	840	0.0064	77.0858
1439	сыграть	VERB	839	0.0064	77.0923
1440	отдать	INFN	839	0.0064	77.0987
1441	бежать	INFN	838	0.0064	77.1051
1442	поесть	VERB	836	0.0064	77.1116
1443	супруг	NOUN	836	0.0064	77.1180
1444	шура	NOUN	836	0.0064	77.1244
1445	прочесть	VERB	835	0.0064	77.1308
1446	кончать	VERB	835	0.0064	77.1372
1447	полюбить	VERB	835	0.0064	77.1436
1448	платить	VERB	834	0.0064	77.1500
1449	мол	PRCL	832	0.0064	77.1564
1450	казак	NOUN	832	0.0064	77.1628
1451	горько	ADVB	832	0.0064	77.1692
1452	кабинет	NOUN	832	0.0064	77.1756
1453	хозяйство	NOUN	831	0.0064	77.1820
1454	р	NOUN	831	0.0064	77.1883
1455	шеф	NOUN	830	0.0064	77.1947
1456	гостиница	NOUN	830	0.0064	77.2011
1457	трудный	ADJF	829	0.0064	77.2074
1458	ящик	NOUN	829	0.0064	77.2138
1459	метр	NOUN	829	0.0064	77.2202
1460	считать	INFN	828	0.0064	77.2265
1461	действие	NOUN	827	0.0063	77.2329
1462	кошка	NOUN	827	0.0063	77.2392
1463	убийство	NOUN	826	0.0063	77.2456
1464	луна	NOUN	826	0.0063	77.2519
1465	управление	NOUN	826	0.0063	77.2583
1466	ку	INTJ	826	0.0063	77.2646
1467	зал	NOUN	825	0.0063	77.2709
1468	отдавать	VERB	824	0.0063	77.2773
1469	ошибаться	VERB	823	0.0063	77.2836
1470	малый	ADJF	822	0.0063	77.2899
1471	константин	NOUN	820	0.0063	77.2962
1472	заставить	VERB	820	0.0063	77.3025
1473	полагать	VERB	819	0.0063	77.3088
1474	слышь	INTJ	818	0.0063	77.3150
1475	уважать	VERB	817	0.0063	77.3213
1476	сильно	ADVB	817	0.0063	77.3276
1477	мишка	NOUN	816	0.0063	77.3338
1478	заболеть	VERB	815	0.0063	77.3401
1479	работник	NOUN	814	0.0062	77.3464
1480	польза	NOUN	814	0.0062	77.3526
1481	решать	VERB	812	0.0062	77.3588
1482	тихий	ADJF	812	0.0062	77.3651
1483	предупреждать	VERB	811	0.0062	77.3713
1484	тащить	VERB	810	0.0062	77.3775
1485	получить	INFN	810	0.0062	77.3837
1486	провести	VERB	809	0.0062	77.3899
1487	фильм	NOUN	809	0.0062	77.3962
1488	выстрел	NOUN	809	0.0062	77.4024
1489	объяснить	INFN	808	0.0062	77.4086
1490	пушкин	NOUN	807	0.0062	77.4148
1491	преступление	NOUN	806	0.0062	77.4210
1492	слушать	INFN	806	0.0062	77.4271
1493	банк	NOUN	806	0.0062	77.4333
1494	прощение	NOUN	805	0.0062	77.4395
1495	германия	NOUN	805	0.0062	77.4457
1496	обижаться	VERB	805	0.0062	77.4519
1497	значение	NOUN	805	0.0062	77.4580
1498	ужас	NOUN	803	0.0062	77.4642
1499	старшина	NOUN	802	0.0062	77.4704
1500	помереть	VERB	801	0.0061	77.4765
1501	материал	NOUN	801	0.0061	77.4827
1502	больной	ADJS	799	0.0061	77.4888
1503	ошибиться	VERB	798	0.0061	77.4949
1504	обыкновенный	ADJF	798	0.0061	77.5011
1505	попасться	VERB	798	0.0061	77.5072
1506	поэт	NOUN	798	0.0061	77.5133
1507	отдохнуть	VERB	798	0.0061	77.5194
1508	синьор	NOUN	797	0.0061	77.5256
1509	понадобиться	VERB	795	0.0061	77.5317
1510	неправда	NOUN	795	0.0061	77.5378
1511	барин	NOUN	795	0.0061	77.5439
1512	ручка	NOUN	795	0.0061	77.5500
1513	ла	PRCL	795	0.0061	77.5561
1514	пустяк	NOUN	794	0.0061	77.5622
1515	нехорошо	ADVB	793	0.0061	77.5682
1516	непременно	ADVB	792	0.0061	77.5743
1517	матрос	NOUN	792	0.0061	77.5804
1518	несчастие	NOUN	792	0.0061	77.5865
1519	известный	ADJF	791	0.0061	77.5926
1520	нигде	ADVB	791	0.0061	77.5986
1521	сказать	PRTS	791	0.0061	77.6047
1522	крыша	NOUN	787	0.0060	77.6107
1523	отличный	ADJF	787	0.0060	77.6168
1524	боря	NOUN	786	0.0060	77.6228
1525	волшебный	ADJF	786	0.0060	77.6289
1526	абсолютно	ADVB	786	0.0060	77.6349
1527	подписать	VERB	786	0.0060	77.6409
1528	скучно	ADVB	784	0.0060	77.6469
1529	америка	NOUN	784	0.0060	77.6530
1530	наоборот	ADVB	784	0.0060	77.6590
1531	довольный	ADJS	782	0.0060	77.6650
1532	дмитриевич	NOUN	782	0.0060	77.6710
1533	зина	NOUN	782	0.0060	77.6770
1534	крест	NOUN	781	0.0060	77.6830
1535	старший	ADJF	781	0.0060	77.6890
1536	максим	NOUN	780	0.0060	77.6950
1537	настроение	NOUN	780	0.0060	77.7010
1538	круг	NOUN	779	0.0060	77.7069
1539	дон	NOUN	779	0.0060	77.7129
1540	миленький	ADJF	778	0.0060	77.7189
1541	рассказать	INFN	777	0.0060	77.7249
1542	потерпеть	VERB	776	0.0060	77.7308
1543	годиться	VERB	775	0.0059	77.7368
1544	приятный	ADJF	775	0.0059	77.7427
1545	подлец	NOUN	775	0.0059	77.7487
1546	волна	NOUN	775	0.0059	77.7546
1547	догнать	VERB	774	0.0059	77.7606
1548	аня	NOUN	774	0.0059	77.7665
1549	разница	NOUN	773	0.0059	77.7724
1550	крупный	ADJF	773	0.0059	77.7784
1551	вечно	ADVB	772	0.0059	77.7843
1552	божий	ADJF	772	0.0059	77.7902
1553	смешной	ADJF	772	0.0059	77.7961
1554	ученик	NOUN	771	0.0059	77.8021
1555	женский	ADJF	770	0.0059	77.8080
1556	представить	INFN	769	0.0059	77.8139
1557	коль	CONJ	768	0.0059	77.8198
1558	показать	INFN	767	0.0059	77.8257
1559	секретарь	NOUN	767	0.0059	77.8316
1560	превосходительство	NOUN	767	0.0059	77.8374
1561	ружьё	NOUN	765	0.0059	77.8433
1562	прошлое	NOUN	764	0.0059	77.8492
1563	обидеть	VERB	764	0.0059	77.8550
1564	убийца	NOUN	764	0.0059	77.8609
1565	тёмный	ADJF	763	0.0059	77.8668
1566	внук	NOUN	763	0.0059	77.8726
1567	весело	ADVB	762	0.0058	77.8785
1568	мёртвый	NOUN	762	0.0058	77.8843
1569	крик	NOUN	761	0.0058	77.8902
1570	доложить	VERB	761	0.0058	77.8960
1571	татьяна	NOUN	760	0.0058	77.9018
1572	концерт	NOUN	760	0.0058	77.9077
1573	многие	NPRO	760	0.0058	77.9135
1574	петров	NOUN	760	0.0058	77.9194
1575	дождаться	VERB	759	0.0058	77.9252
1576	барышня	NOUN	759	0.0058	77.9310
1577	вечный	ADJF	759	0.0058	77.9368
1578	правый	ADJS	756	0.0058	77.9426
1579	радио	NOUN	755	0.0058	77.9484
1580	заняться	VERB	755	0.0058	77.9542
1581	моряк	NOUN	754	0.0058	77.9600
1582	прям	PRCL	754	0.0058	77.9658
1583	пушка	NOUN	753	0.0058	77.9716
1584	егор	NOUN	753	0.0058	77.9774
1585	могила	NOUN	752	0.0058	77.9831
1586	студент	NOUN	750	0.0058	77.9889
1587	встать	INFN	749	0.0058	77.9946
1588	обстановка	NOUN	748	0.0057	78.0004
1589	пистолет	NOUN	748	0.0057	78.0061
1590	длинный	ADJF	747	0.0057	78.0119
1591	шестой	ADJF	747	0.0057	78.0176
1592	строить	VERB	746	0.0057	78.0233
1593	тревога	NOUN	746	0.0057	78.0291
1594	верить	INFN	745	0.0057	78.0348
1595	благородный	ADJF	745	0.0057	78.0405
1596	тьфу	INTJ	745	0.0057	78.0462
1597	передавать	VERB	745	0.0057	78.0519
1598	чт	NOUN	745	0.0057	78.0577
1599	обмануть	VERB	744	0.0057	78.0634
1600	разбойник	NOUN	743	0.0057	78.0691
1601	интересоваться	VERB	742	0.0057	78.0748
1602	слух	NOUN	742	0.0057	78.0805
1603	замолчать	VERB	742	0.0057	78.0862
1604	горячий	ADJF	741	0.0057	78.0918
1605	относиться	VERB	741	0.0057	78.0975
1606	клуб	NOUN	740	0.0057	78.1032
1607	шофер	NOUN	740	0.0057	78.1089
1608	одесса	NOUN	740	0.0057	78.1146
1609	посылать	VERB	739	0.0057	78.1203
1610	сомневаться	VERB	739	0.0057	78.1259
1611	советовать	VERB	739	0.0057	78.1316
1612	знаменитый	ADJF	736	0.0057	78.1372
1613	удача	NOUN	734	0.0056	78.1429
1614	девица	NOUN	733	0.0056	78.1485
1615	здоровый	ADJF	732	0.0056	78.1541
1616	пахнуть	VERB	732	0.0056	78.1597
1617	суметь	VERB	731	0.0056	78.1654
1618	благородие	NOUN	731	0.0056	78.1710
1619	тема	NOUN	730	0.0056	78.1766
1620	весьма	ADVB	730	0.0056	78.1822
1621	олег	NOUN	730	0.0056	78.1878
1622	барон	NOUN	729	0.0056	78.1934
1623	беречь	VERB	728	0.0056	78.1990
1624	прыгать	VERB	728	0.0056	78.2046
1625	мисс	NOUN	728	0.0056	78.2101
1626	сотня	NOUN	728	0.0056	78.2157
1627	звонок	NOUN	728	0.0056	78.2213
1628	приготовить	VERB	726	0.0056	78.2269
1629	галя	NOUN	726	0.0056	78.2325
1630	ого	INTJ	725	0.0056	78.2380
1631	пост	NOUN	725	0.0056	78.2436
1632	доказать	VERB	724	0.0056	78.2492
1633	товар	NOUN	724	0.0056	78.2547
1634	океан	NOUN	723	0.0056	78.2603
1635	организация	NOUN	723	0.0056	78.2658
1636	вдвоём	ADVB	722	0.0055	78.2714
1637	раб	NOUN	721	0.0055	78.2769
1638	колесо	NOUN	721	0.0055	78.2824
1639	девять	NUMR	721	0.0055	78.2880
1640	картошка	NOUN	721	0.0055	78.2935
1641	впервые	ADVB	720	0.0055	78.2990
1642	возле	PREP	720	0.0055	78.3046
1643	светлый	ADJF	720	0.0055	78.3101
1644	воскресение	NOUN	720	0.0055	78.3156
1645	пожар	NOUN	719	0.0055	78.3211
1646	измениться	VERB	718	0.0055	78.3266
1647	партизан	NOUN	717	0.0055	78.3322
1648	па	NOUN	717	0.0055	78.3377
1649	пропустить	VERB	716	0.0055	78.3432
1650	старуха	NOUN	715	0.0055	78.3486
1651	сцена	NOUN	715	0.0055	78.3541
1652	прожить	VERB	714	0.0055	78.3596
1653	лагерь	NOUN	713	0.0055	78.3651
1654	мотор	NOUN	713	0.0055	78.3706
1655	этаж	NOUN	713	0.0055	78.3760
1656	серый	ADJF	712	0.0055	78.3815
1657	сегодняшний	ADJF	711	0.0055	78.3870
1658	телевизор	NOUN	710	0.0055	78.3924
1659	вовремя	ADVB	709	0.0054	78.3979
1660	фашист	NOUN	709	0.0054	78.4033
1661	голубой	ADJF	708	0.0054	78.4087
1662	ю	X	707	0.0054	78.4142
1663	крайний	ADJF	707	0.0054	78.4196
1664	алиса	NOUN	707	0.0054	78.4250
1665	негодяй	NOUN	705	0.0054	78.4304
1666	поставить	INFN	705	0.0054	78.4358
1667	вниз	ADVB	704	0.0054	78.4412
1668	волос	NOUN	704	0.0054	78.4466
1669	папаша	NOUN	703	0.0054	78.4520
1670	вероятно	CONJ	702	0.0054	78.4574
1671	церковь	NOUN	702	0.0054	78.4628
1672	мозг	NOUN	702	0.0054	78.4682
1673	младший	ADJF	701	0.0054	78.4736
1674	ленин	NOUN	701	0.0054	78.4790
1675	охрана	NOUN	701	0.0054	78.4844
1676	дальний	ADJF	700	0.0054	78.4897
1677	цех	NOUN	699	0.0054	78.4951
1678	строй	NOUN	699	0.0054	78.5005
1679	глянуть	VERB	698	0.0054	78.5058
1680	полёт	NOUN	698	0.0054	78.5112
1681	взрослый	NOUN	698	0.0054	78.5165
1682	шапка	NOUN	697	0.0054	78.5219
1683	особенный	ADJF	697	0.0054	78.5272
1684	выбрать	VERB	696	0.0053	78.5326
1685	ирина	NOUN	696	0.0053	78.5379
1686	средство	NOUN	695	0.0053	78.5433
1687	дышать	VERB	694	0.0053	78.5486
1688	занятие	NOUN	693	0.0053	78.5539
1689	просить	INFN	693	0.0053	78.5592
1690	дяденька	NOUN	692	0.0053	78.5645
1691	боец	NOUN	692	0.0053	78.5699
1692	прийти	INFN	692	0.0053	78.5752
1693	секунда	NOUN	691	0.0053	78.5805
1694	кормить	VERB	691	0.0053	78.5858
1695	волга	NOUN	690	0.0053	78.5911
1696	ровно	ADVB	689	0.0053	78.5964
1697	уверить	PRTS	689	0.0053	78.6017
1698	осень	NOUN	689	0.0053	78.6069
1699	движение	NOUN	688	0.0053	78.6122
1700	выгнать	VERB	688	0.0053	78.6175
1701	настя	NOUN	688	0.0053	78.6228
1702	танцевать	INFN	687	0.0053	78.6281
1703	падать	VERB	687	0.0053	78.6333
1704	дивизия	NOUN	686	0.0053	78.6386
1705	холодно	ADVB	685	0.0053	78.6439
1706	следователь	NOUN	685	0.0053	78.6491
1707	терять	VERB	684	0.0053	78.6544
1708	яков	NOUN	683	0.0052	78.6596
1709	прочь	ADVB	683	0.0052	78.6649
1710	французский	ADJF	683	0.0052	78.6701
1711	научиться	VERB	683	0.0052	78.6753
1712	лиза	NOUN	682	0.0052	78.6806
1713	пароход	NOUN	682	0.0052	78.6858
1714	безобразие	NOUN	682	0.0052	78.6911
1715	яй	X	682	0.0052	78.6963
1716	тётка	NOUN	680	0.0052	78.7015
1717	отчий	ADJF	680	0.0052	78.7067
1718	пёс	NOUN	680	0.0052	78.7119
1719	орёл	NOUN	680	0.0052	78.7172
1720	свежий	ADJF	680	0.0052	78.7224
1721	готовиться	VERB	679	0.0052	78.7276
1722	голод	NOUN	679	0.0052	78.7328
1723	вспоминать	VERB	679	0.0052	78.7380
1724	колено	NOUN	678	0.0052	78.7432
1725	замечательный	ADJS	676	0.0052	78.7484
1726	расчёт	NOUN	676	0.0052	78.7536
1727	охотник	NOUN	676	0.0052	78.7588
1728	сталин	NOUN	674	0.0052	78.7640
1729	естественно	ADVB	674	0.0052	78.7691
1730	каковой	ADJS	674	0.0052	78.7743
1731	зоя	NOUN	674	0.0052	78.7795
1732	вверх	ADVB	673	0.0052	78.7847
1733	небольшой	ADJF	671	0.0052	78.7898
1734	ряд	NOUN	671	0.0052	78.7950
1735	обидеться	VERB	670	0.0051	78.8001
1736	дежурный	ADJF	669	0.0051	78.8052
1737	правительство	NOUN	669	0.0051	78.8104
1738	специалист	NOUN	669	0.0051	78.8155
1739	неплохо	ADVB	669	0.0051	78.8207
1740	приказывать	VERB	668	0.0051	78.8258
1741	неприятность	NOUN	668	0.0051	78.8309
1742	мясо	NOUN	667	0.0051	78.8360
1743	забирать	VERB	666	0.0051	78.8411
1744	являться	VERB	666	0.0051	78.8463
1745	жертва	NOUN	666	0.0051	78.8514
1746	местный	ADJF	666	0.0051	78.8565
1747	хата	NOUN	666	0.0051	78.8616
1748	сообщить	INFN	665	0.0051	78.8667
1749	событие	NOUN	664	0.0051	78.8718
1750	степь	NOUN	664	0.0051	78.8769
1751	идиот	NOUN	664	0.0051	78.8820
1752	пассажир	NOUN	663	0.0051	78.8871
1753	отделение	NOUN	662	0.0051	78.8922
1754	смена	NOUN	662	0.0051	78.8972
1755	экспедиция	NOUN	661	0.0051	78.9023
1756	зависеть	VERB	661	0.0051	78.9074
1757	петербург	NOUN	660	0.0051	78.9125
1758	прямой	ADJF	660	0.0051	78.9175
1759	коллега	NOUN	659	0.0051	78.9226
1760	устраивать	VERB	658	0.0051	78.9276
1761	личность	NOUN	658	0.0051	78.9327
1762	лечь	VERB	658	0.0051	78.9377
1763	сниться	VERB	658	0.0051	78.9428
1764	животное	NOUN	658	0.0051	78.9478
1765	неизвестно	ADVB	658	0.0051	78.9529
1766	скорость	NOUN	658	0.0051	78.9580
1767	иметься	VERB	657	0.0050	78.9630
1768	дьявол	NOUN	656	0.0050	78.9680
1769	туман	NOUN	656	0.0050	78.9731
1770	каша	NOUN	655	0.0050	78.9781
1771	выдать	VERB	655	0.0050	78.9831
1772	молодёжь	NOUN	654	0.0050	78.9881
1773	спеть	VERB	654	0.0050	78.9932
1774	помощник	NOUN	654	0.0050	78.9982
1775	борисович	NOUN	654	0.0050	79.0032
1776	серёга	NOUN	654	0.0050	79.0082
1777	выполнять	VERB	653	0.0050	79.0132
1778	дно	NOUN	653	0.0050	79.0183
1779	флот	NOUN	653	0.0050	79.0233
1780	отказываться	VERB	653	0.0050	79.0283
1781	область	NOUN	653	0.0050	79.0333
1782	автобус	NOUN	653	0.0050	79.0383
1783	саня	NOUN	652	0.0050	79.0433
1784	кость	NOUN	652	0.0050	79.0483
1785	оставлять	VERB	651	0.0050	79.0533
1786	опасный	ADJF	651	0.0050	79.0583
1787	плыть	VERB	651	0.0050	79.0633
1788	неудобно	ADVB	651	0.0050	79.0683
1789	старое	NOUN	650	0.0050	79.0733
1790	март	NOUN	650	0.0050	79.0783
1791	болото	NOUN	650	0.0050	79.0833
1792	мороз	NOUN	650	0.0050	79.0883
1793	тип	NOUN	650	0.0050	79.0933
1794	программа	NOUN	649	0.0050	79.0982
1795	слуга	NOUN	648	0.0050	79.1032
1796	шляпа	NOUN	648	0.0050	79.1082
1797	направо	ADVB	648	0.0050	79.1132
1798	пожаловать	VERB	647	0.0050	79.1181
1799	спасти	INFN	647	0.0050	79.1231
1800	короче	CONJ	647	0.0050	79.1281
1801	многий	ADJF	647	0.0050	79.1330
1802	пропадать	VERB	647	0.0050	79.1380
1803	знакомиться	VERB	646	0.0050	79.1430
1804	свинья	NOUN	646	0.0050	79.1479
1805	поздний	COMP	645	0.0050	79.1529
1806	полететь	VERB	644	0.0049	79.1578
1807	предложить	VERB	644	0.0049	79.1628
1808	выпустить	VERB	644	0.0049	79.1677
1809	налево	ADVB	644	0.0049	79.1726
1810	справиться	VERB	643	0.0049	79.1776
1811	сие	NPRO	643	0.0049	79.1825
1812	проверить	INFN	643	0.0049	79.1875
1813	шуметь	VERB	642	0.0049	79.1924
1814	список	NOUN	642	0.0049	79.1973
1815	соня	NOUN	642	0.0049	79.2022
1816	комитет	NOUN	641	0.0049	79.2072
1817	борода	NOUN	641	0.0049	79.2121
1818	доченька	NOUN	641	0.0049	79.2170
1819	находить	VERB	639	0.0049	79.2219
1820	тишина	NOUN	639	0.0049	79.2268
1821	разойтись	VERB	638	0.0049	79.2317
1822	поверьте	CONJ	637	0.0049	79.2366
1823	давать	INFN	637	0.0049	79.2415
1824	бригадир	NOUN	637	0.0049	79.2464
1825	ситуация	NOUN	637	0.0049	79.2513
1826	пиво	NOUN	637	0.0049	79.2562
1827	принцип	NOUN	637	0.0049	79.2611
1828	эт	X	637	0.0049	79.2659
1829	повесить	VERB	636	0.0049	79.2708
1830	позор	NOUN	636	0.0049	79.2757
1831	видимо	ADVB	636	0.0049	79.2806
1832	марина	NOUN	636	0.0049	79.2855
1833	брак	NOUN	635	0.0049	79.2903
1834	бабка	NOUN	635	0.0049	79.2952
1835	порт	NOUN	635	0.0049	79.3001
1836	слышный	ADJS	635	0.0049	79.3050
1837	вадим	NOUN	635	0.0049	79.3098
1838	штаны	NOUN	634	0.0049	79.3147
1839	подавать	VERB	634	0.0049	79.3196
1840	доллар	NOUN	634	0.0049	79.3245
1841	внимательно	ADVB	634	0.0049	79.3293
1842	планета	NOUN	633	0.0049	79.3342
1843	площадь	NOUN	633	0.0049	79.3390
1844	судья	NOUN	633	0.0049	79.3439
1845	умница	NOUN	633	0.0049	79.3488
1846	холодный	ADJF	633	0.0049	79.3536
1847	папка	NOUN	631	0.0048	79.3585
1848	распоряжение	NOUN	631	0.0048	79.3633
1849	рота	NOUN	630	0.0048	79.3681
1850	уходить	INFN	630	0.0048	79.3730
1851	радоваться	VERB	630	0.0048	79.3778
1852	мерзавец	NOUN	630	0.0048	79.3827
1853	московский	ADJF	629	0.0048	79.3875
1854	нерв	NOUN	629	0.0048	79.3923
1855	платить	INFN	627	0.0048	79.3971
1856	писатель	NOUN	627	0.0048	79.4019
1857	баня	NOUN	626	0.0048	79.4067
1858	такси	NOUN	626	0.0048	79.4115
1859	убираться	VERB	625	0.0048	79.4163
1860	орден	NOUN	624	0.0048	79.4211
1861	забыть	INFN	624	0.0048	79.4259
1862	трубка	NOUN	624	0.0048	79.4307
1863	высота	NOUN	624	0.0048	79.4355
1864	надеть	VERB	624	0.0048	79.4403
1865	алла	NOUN	623	0.0048	79.4451
1866	добраться	VERB	622	0.0048	79.4499
1867	банда	NOUN	622	0.0048	79.4546
1868	убить	PRTS	622	0.0048	79.4594
1869	сильный	COMP	621	0.0048	79.4642
1870	помешать	VERB	621	0.0048	79.4689
1871	кусок	NOUN	621	0.0048	79.4737
1872	поцелуй	NOUN	621	0.0048	79.4785
1873	портрет	NOUN	621	0.0048	79.4832
1874	коллектив	NOUN	621	0.0048	79.4880
1875	роза	NOUN	620	0.0048	79.4928
1876	инспектор	NOUN	619	0.0048	79.4975
1877	возражать	VERB	619	0.0048	79.5023
1878	ти	NOUN	619	0.0048	79.5070
1879	основание	NOUN	619	0.0048	79.5118
1880	выглядеть	VERB	619	0.0048	79.5165
1881	семейный	ADJF	618	0.0047	79.5213
1882	матвеевич	NOUN	618	0.0047	79.5260
1883	молодость	NOUN	617	0.0047	79.5308
1884	написать	INFN	617	0.0047	79.5355
1885	сиятельство	NOUN	617	0.0047	79.5402
1886	оставаться	INFN	616	0.0047	79.5450
1887	направление	NOUN	616	0.0047	79.5497
1888	наталья	NOUN	616	0.0047	79.5544
1889	научный	ADJF	615	0.0047	79.5591
1890	ужасный	ADJF	615	0.0047	79.5639
1891	удивительный	ADJF	615	0.0047	79.5686
1892	батька	NOUN	615	0.0047	79.5733
1893	смирно	ADVB	614	0.0047	79.5780
1894	соль	NOUN	614	0.0047	79.5827
1895	музей	NOUN	614	0.0047	79.5874
1896	догадаться	VERB	614	0.0047	79.5922
1897	кадр	NOUN	614	0.0047	79.5969
1898	улыбаться	VERB	613	0.0047	79.6016
1899	терпеть	VERB	613	0.0047	79.6063
1900	доказательство	NOUN	613	0.0047	79.6110
1901	слон	NOUN	613	0.0047	79.6157
1902	фирма	NOUN	613	0.0047	79.6204
1903	здравие	NOUN	612	0.0047	79.6251
1904	вынудить	PRTS	612	0.0047	79.6298
1905	царский	ADJF	611	0.0047	79.6345
1906	почта	NOUN	611	0.0047	79.6392
1907	построить	VERB	610	0.0047	79.6439
1908	лёд	NOUN	610	0.0047	79.6485
1909	человечество	NOUN	610	0.0047	79.6532
1910	тайга	NOUN	610	0.0047	79.6579
1911	пацан	NOUN	610	0.0047	79.6626
1912	подняться	VERB	609	0.0047	79.6673
1913	антонович	NOUN	609	0.0047	79.6719
1914	аппарат	NOUN	608	0.0047	79.6766
1915	ль	CONJ	608	0.0047	79.6813
1916	умереть	INFN	608	0.0047	79.6859
1917	услуга	NOUN	608	0.0047	79.6906
1918	подполковник	NOUN	608	0.0047	79.6953
1919	европа	NOUN	607	0.0047	79.6999
1920	рыцарь	NOUN	607	0.0047	79.7046
1921	докладывать	VERB	607	0.0047	79.7093
1922	сделать	PRTS	606	0.0047	79.7139
1923	рыжий	ADJF	606	0.0047	79.7186
1924	увы	INTJ	606	0.0047	79.7232
1925	мировой	ADJF	605	0.0046	79.7279
1926	камера	NOUN	605	0.0046	79.7325
1927	выдержать	VERB	605	0.0046	79.7372
1928	георгий	NOUN	605	0.0046	79.7418
1929	живой	COMP	603	0.0046	79.7464
1930	сибирь	NOUN	603	0.0046	79.7511
1931	леночка	NOUN	603	0.0046	79.7557
1932	живо	ADVB	602	0.0046	79.7603
1933	командировка	NOUN	601	0.0046	79.7649
1934	васька	NOUN	601	0.0046	79.7695
1935	малыш	NOUN	601	0.0046	79.7741
1936	ответственность	NOUN	601	0.0046	79.7788
1937	полтора	NUMR	600	0.0046	79.7834
1938	пускать	VERB	600	0.0046	79.7880
1939	опасность	NOUN	600	0.0046	79.7926
1940	змея	NOUN	600	0.0046	79.7972
1941	выиграть	VERB	600	0.0046	79.8018
1942	бояться	INFN	600	0.0046	79.8064
1943	людмила	NOUN	600	0.0046	79.8110
1944	ужин	NOUN	599	0.0046	79.8156
1945	агент	NOUN	599	0.0046	79.8202
1946	смелый	ADJF	599	0.0046	79.8248
1947	кушать	VERB	598	0.0046	79.8294
1948	звать	INFN	598	0.0046	79.8340
1949	утверждать	VERB	597	0.0046	79.8386
1950	очевидный	ADJS	597	0.0046	79.8431
1951	берлин	NOUN	597	0.0046	79.8477
1952	победить	VERB	596	0.0046	79.8523
1953	близко	ADVB	595	0.0046	79.8569
1954	влюбить	PRTS	594	0.0046	79.8614
1955	крыло	NOUN	594	0.0046	79.8660
1956	вряд	ADVB	594	0.0046	79.8706
1957	позволять	VERB	593	0.0046	79.8751
1958	глупо	ADVB	593	0.0046	79.8797
1959	затем	ADVB	592	0.0045	79.8842
1960	украина	NOUN	592	0.0045	79.8887
1961	помолчать	VERB	592	0.0045	79.8933
1962	наверняка	ADVB	592	0.0045	79.8978
1963	госпожа	NOUN	592	0.0045	79.9024
1964	способный	ADJS	591	0.0045	79.9069
1965	завидовать	VERB	591	0.0045	79.9115
1966	плач	NOUN	591	0.0045	79.9160
1967	лист	NOUN	590	0.0045	79.9205
1968	зто	X	590	0.0045	79.9251
1969	госпиталь	NOUN	589	0.0045	79.9296
1970	бывало	CONJ	589	0.0045	79.9341
1971	север	NOUN	589	0.0045	79.9386
1972	надолго	ADVB	589	0.0045	79.9431
1973	поступок	NOUN	588	0.0045	79.9477
1974	мяч	NOUN	588	0.0045	79.9522
1975	рейс	NOUN	587	0.0045	79.9567
1976	крепость	NOUN	587	0.0045	79.9612
1977	представитель	NOUN	586	0.0045	79.9657
1978	склад	NOUN	585	0.0045	79.9702
1979	драться	INFN	585	0.0045	79.9747
1980	пугать	VERB	585	0.0045	79.9792
1981	дитя	NOUN	585	0.0045	79.9836
1982	пятьдесят	NUMR	584	0.0045	79.9881
1983	полно	ADVB	583	0.0045	79.9926
1984	рассвет	NOUN	583	0.0045	79.9971
1985	гораздо	ADVB	583	0.0045	80.0016
